{
  "0x00": "#747474",
  "0x01": "#24188C",
  "0x02": "#0000A8",
  "0x03": "#44009C",
  "0x04": "#8C0074",
  "0x05": "#A80010",
  "0x06": "#A40000",
  "0x07": "#7C0800",
  "0x08": "#402C00",
  "0x09": "#004400",
  "0x0A": "#005000",
  "0x0B": "#003C14",
  "0x0C": "#183C5C",
  "0x10": "#BCBCBC",
  "0x11": "#0070EC",
  "0x12": "#2038EC",
  "0x13": "#8000F0",
  "0x14": "#BC00BC",
  "0x15": "#E40058",
  "0x16": "#D82800",
  "0x17": "#C84C0C",
  "0x18": "#887000",
  "0x19": "#009400",
  "0x1A": "#00A800",
  "0x1B": "#009038",
  "0x1C": "#008088",
  "0x1D": "#000000",
  "0x20": "#FCFCFC",
  "0x21": "#3CBCFC",
  "0x22": "#5C94FC",
  "0x23": "#CC88FC",
  "0x24": "#F478FC",
  "0x25": "#FC74B4",
  "0x26": "#FC7460",
  "0x27": "#FC9838",
  "0x28": "#F0BC3C",
  "0x29": "#80D010",
  "0x2A": "#4CDC48",
  "0x2B": "#58F898",
  "0x2C": "#00E8D8",
  "0x2D": "#787878",
  "0x30": "#FFFFFF",
  "0x31": "#A8E4FC",
  "0x32": "#C4D4FC",
  "0x33": "#D4C8FC",
  "0x34": "#FCC4FC",
  "0x35": "#FCC4D8",
  "0x36": "#FCBCB0",
  "0x37": "#FCD8A8",
  "0x38": "#FCE4A0",
  "0x39": "#E0FCA0",
  "0x3A": "#A8F0BC",
  "0x3B": "#B0FCCC",
  "0x3C": "#9CFCF0",
  "0x3D": "#C4C4C4"
}